{
  "cpu_percent": 17.3,
  "memory_percent": 66.4,
  "memory_used_gb": 3.9181365966796875,
  "load_average": [
    3.28271484375,
    2.6845703125,
    2.48779296875
  ]
}
