{
  "cpu_percent": 27.5,
  "memory_percent": 73.7,
  "memory_used_gb": 3.394073486328125,
  "load_average": [
    2.1806640625,
    2.39892578125,
    2.38134765625
  ]
}
